"File","TSLines","HTMLLines","Methods","CRUDHits"
"D:\AngularMigration\Angular20\MediCore-Pharmacy-System\MediCore-Pharmacy-System\src\app\pages\suppliers\suppliers.component.ts","192","147","11","38"
"D:\AngularMigration\Angular20\MediCore-Pharmacy-System\MediCore-Pharmacy-System\src\app\pages\inventory\inventory.component.ts","284","148","18","37"
"D:\AngularMigration\Angular20\MediCore-Pharmacy-System\MediCore-Pharmacy-System\src\app\app.routes.ts","23","0","0","13"
"D:\AngularMigration\Angular20\MediCore-Pharmacy-System\MediCore-Pharmacy-System\src\app\billing\billing.ts","272","368","20","10"
"D:\AngularMigration\Angular20\MediCore-Pharmacy-System\MediCore-Pharmacy-System\src\app\pages\orders\orders.component.ts","323","68","16","10"
"D:\AngularMigration\Angular20\MediCore-Pharmacy-System\MediCore-Pharmacy-System\src\app\pages\accounts\accounts.component.ts","282","377","6","10"
"D:\AngularMigration\Angular20\MediCore-Pharmacy-System\MediCore-Pharmacy-System\src\app\dashboard\dashboard.ts","227","290","11","10"
"D:\AngularMigration\Angular20\MediCore-Pharmacy-System\MediCore-Pharmacy-System\src\app\services\supplier.service.ts","25","0","4","8"
"D:\AngularMigration\Angular20\MediCore-Pharmacy-System\MediCore-Pharmacy-System\src\app\auth\login\login.ts","187","171","4","7"
"D:\AngularMigration\Angular20\MediCore-Pharmacy-System\MediCore-Pharmacy-System\src\app\services\inventory.service.ts","39","0","5","7"
"D:\AngularMigration\Angular20\MediCore-Pharmacy-System\MediCore-Pharmacy-System\src\app\auth\signup\signup.ts","74","136","4","4"
"D:\AngularMigration\Angular20\MediCore-Pharmacy-System\MediCore-Pharmacy-System\src\app\services\api.service.ts","44","0","1","4"
"D:\AngularMigration\Angular20\MediCore-Pharmacy-System\MediCore-Pharmacy-System\src\app\app.spec.ts","23","0","6","3"
"D:\AngularMigration\Angular20\MediCore-Pharmacy-System\MediCore-Pharmacy-System\src\app\auth\auth.service.ts","32","0","6","3"
"D:\AngularMigration\Angular20\MediCore-Pharmacy-System\MediCore-Pharmacy-System\src\app\pages\suppliers\components\supplier-form\supplier-form.spec.ts","22","0","4","2"
"D:\AngularMigration\Angular20\MediCore-Pharmacy-System\MediCore-Pharmacy-System\src\app\layout\mainwindow\mainwindow.spec.ts","22","0","4","2"
"D:\AngularMigration\Angular20\MediCore-Pharmacy-System\MediCore-Pharmacy-System\src\app\layout\sidebar\sidebar.spec.ts","22","0","4","2"
"D:\AngularMigration\Angular20\MediCore-Pharmacy-System\MediCore-Pharmacy-System\src\app\pages\suppliers\components\supplier-search\supplier-search.spec.ts","22","0","4","2"
"D:\AngularMigration\Angular20\MediCore-Pharmacy-System\MediCore-Pharmacy-System\src\app\pages\expired\expired.component.ts","161","304","4","2"
"D:\AngularMigration\Angular20\MediCore-Pharmacy-System\MediCore-Pharmacy-System\src\app\reports\reports.ts","263","275","3","2"
"D:\AngularMigration\Angular20\MediCore-Pharmacy-System\MediCore-Pharmacy-System\src\app\layout\sidemenu\sidemenu.spec.ts","22","0","4","2"
"D:\AngularMigration\Angular20\MediCore-Pharmacy-System\MediCore-Pharmacy-System\src\app\pages\suppliers\components\supplier-inventory\supplier-inventory.spec.ts","22","0","4","2"
"D:\AngularMigration\Angular20\MediCore-Pharmacy-System\MediCore-Pharmacy-System\src\app\services\doctor.service.ts","12","0","3","2"
"D:\AngularMigration\Angular20\MediCore-Pharmacy-System\MediCore-Pharmacy-System\src\app\doctor\doctor-dashboard\doctor-dashboard.spec.ts","22","0","4","2"
"D:\AngularMigration\Angular20\MediCore-Pharmacy-System\MediCore-Pharmacy-System\src\app\auth\login\login.spec.ts","22","0","4","2"
"D:\AngularMigration\Angular20\MediCore-Pharmacy-System\MediCore-Pharmacy-System\src\app\dashboard\dashboard.spec.ts","25","0","0","2"
"D:\AngularMigration\Angular20\MediCore-Pharmacy-System\MediCore-Pharmacy-System\src\app\billing\billing.spec.ts","22","0","4","2"
"D:\AngularMigration\Angular20\MediCore-Pharmacy-System\MediCore-Pharmacy-System\src\app\doctor\doctor-login\doctor-login.spec.ts","22","0","4","2"
"D:\AngularMigration\Angular20\MediCore-Pharmacy-System\MediCore-Pharmacy-System\src\app\auth\signup\signup.spec.ts","22","0","4","2"
"D:\AngularMigration\Angular20\MediCore-Pharmacy-System\MediCore-Pharmacy-System\src\app\doctor\doctor-signup\doctor-signup.spec.ts","22","0","4","2"
"D:\AngularMigration\Angular20\MediCore-Pharmacy-System\MediCore-Pharmacy-System\src\app\auth\auth-guard.spec.ts","17","0","4","1"
"D:\AngularMigration\Angular20\MediCore-Pharmacy-System\MediCore-Pharmacy-System\src\app\auth\auth-interceptor.spec.ts","17","0","4","1"
"D:\AngularMigration\Angular20\MediCore-Pharmacy-System\MediCore-Pharmacy-System\src\app\pages\out-of-stock\out-of-stock.component.ts","121","235","4","1"
"D:\AngularMigration\Angular20\MediCore-Pharmacy-System\MediCore-Pharmacy-System\src\app\pages\doctor-users\doctor-users.component.ts","27","34","2","1"
"D:\AngularMigration\Angular20\MediCore-Pharmacy-System\MediCore-Pharmacy-System\src\app\services\supplier.model.ts","12","0","0","1"
"D:\AngularMigration\Angular20\MediCore-Pharmacy-System\MediCore-Pharmacy-System\src\app\auth\auth.spec.ts","16","0","4","1"
"D:\AngularMigration\Angular20\MediCore-Pharmacy-System\MediCore-Pharmacy-System\src\app\pages\suppliers\components\supplier-inventory\supplier-inventory.ts","9","1","0","0"
"D:\AngularMigration\Angular20\MediCore-Pharmacy-System\MediCore-Pharmacy-System\src\main.ts","6","0","1","0"
"D:\AngularMigration\Angular20\MediCore-Pharmacy-System\MediCore-Pharmacy-System\src\app\pages\suppliers\components\supplier-form\supplier-form.ts","9","1","0","0"
"D:\AngularMigration\Angular20\MediCore-Pharmacy-System\MediCore-Pharmacy-System\src\app\pages\settings\settings.component.ts","9","18","0","0"
"D:\AngularMigration\Angular20\MediCore-Pharmacy-System\MediCore-Pharmacy-System\src\app\services\inventory.model.ts","14","0","0","0"
"D:\AngularMigration\Angular20\MediCore-Pharmacy-System\MediCore-Pharmacy-System\src\app\services\doctor.model.ts","7","0","0","0"
"D:\AngularMigration\Angular20\MediCore-Pharmacy-System\MediCore-Pharmacy-System\src\app\app.config.ts","14","0","3","0"
"D:\AngularMigration\Angular20\MediCore-Pharmacy-System\MediCore-Pharmacy-System\src\environments\environment.prod.ts","4","0","0","0"
"D:\AngularMigration\Angular20\MediCore-Pharmacy-System\MediCore-Pharmacy-System\src\app\pages\suppliers\models\supplier.model.ts","0","0","0","0"
"D:\AngularMigration\Angular20\MediCore-Pharmacy-System\MediCore-Pharmacy-System\src\app\pages\suppliers\components\supplier-search\supplier-search.ts","9","1","0","0"
"D:\AngularMigration\Angular20\MediCore-Pharmacy-System\MediCore-Pharmacy-System\src\app\app.component.ts","18","0","0","0"
"D:\AngularMigration\Angular20\MediCore-Pharmacy-System\MediCore-Pharmacy-System\src\environments\environment.ts","4","0","0","0"
"D:\AngularMigration\Angular20\MediCore-Pharmacy-System\MediCore-Pharmacy-System\src\app\pages\reports\components\sales-report\sales-report.ts","9","1","0","0"
"D:\AngularMigration\Angular20\MediCore-Pharmacy-System\MediCore-Pharmacy-System\src\app\layout\sidebar\sidebar.ts","24","18","0","0"
"D:\AngularMigration\Angular20\MediCore-Pharmacy-System\MediCore-Pharmacy-System\src\app\layout\mainwindow\mainwindow.component.ts","9","0","0","0"
"D:\AngularMigration\Angular20\MediCore-Pharmacy-System\MediCore-Pharmacy-System\src\app\layout\header\header.ts","13","23","0","0"
"D:\AngularMigration\Angular20\MediCore-Pharmacy-System\MediCore-Pharmacy-System\src\app\pages\billing\components\billing-summary\billing-summary.ts","9","1","0","0"
"D:\AngularMigration\Angular20\MediCore-Pharmacy-System\MediCore-Pharmacy-System\src\app\pages\billing\components\billing-cart\billing-cart.ts","9","1","0","0"
"D:\AngularMigration\Angular20\MediCore-Pharmacy-System\MediCore-Pharmacy-System\src\app\layout\sidemenu\sidemenu.component.ts","9","27","0","0"
"D:\AngularMigration\Angular20\MediCore-Pharmacy-System\MediCore-Pharmacy-System\src\app\doctor\doctor-dashboard\doctor-dashboard.ts","9","1","0","0"
"D:\AngularMigration\Angular20\MediCore-Pharmacy-System\MediCore-Pharmacy-System\src\app\auth\auth-interceptor.ts","5","0","0","0"
"D:\AngularMigration\Angular20\MediCore-Pharmacy-System\MediCore-Pharmacy-System\src\app\auth\auth-guard.ts","5","0","0","0"
"D:\AngularMigration\Angular20\MediCore-Pharmacy-System\MediCore-Pharmacy-System\src\app\inventory\inventory.ts","20","34","2","0"
"D:\AngularMigration\Angular20\MediCore-Pharmacy-System\MediCore-Pharmacy-System\src\app\doctor\doctor-signup\doctor-signup.ts","9","1","0","0"
"D:\AngularMigration\Angular20\MediCore-Pharmacy-System\MediCore-Pharmacy-System\src\app\doctor\doctor-login\doctor-login.ts","9","1","0","0"
"D:\AngularMigration\Angular20\MediCore-Pharmacy-System\MediCore-Pharmacy-System\src\app\pages\reports\components\expiry-report\expiry-report.ts","9","1","0","0"
"D:\AngularMigration\Angular20\MediCore-Pharmacy-System\MediCore-Pharmacy-System\src\app\pages\orders\components\verified-order\verified-order.ts","9","1","0","0"
"D:\AngularMigration\Angular20\MediCore-Pharmacy-System\MediCore-Pharmacy-System\src\app\pages\orders\components\verified-order\verified-item\verified-item.ts","9","1","0","0"
"D:\AngularMigration\Angular20\MediCore-Pharmacy-System\MediCore-Pharmacy-System\src\app\pages\reports\components\report-table\report-table.ts","9","1","0","0"
"D:\AngularMigration\Angular20\MediCore-Pharmacy-System\MediCore-Pharmacy-System\src\app\pages\reports\components\report-filter\report-filter.ts","9","1","0","0"
"D:\AngularMigration\Angular20\MediCore-Pharmacy-System\MediCore-Pharmacy-System\src\app\pages\reports\components\inventory-report\inventory-report.ts","9","1","0","0"
"D:\AngularMigration\Angular20\MediCore-Pharmacy-System\MediCore-Pharmacy-System\src\app\pages\orders\components\new-order\order-item\order-item.ts","9","1","0","0"
"D:\AngularMigration\Angular20\MediCore-Pharmacy-System\MediCore-Pharmacy-System\src\app\pages\billing\components\checkout-dialog\checkout-dialog.ts","9","1","0","0"
"D:\AngularMigration\Angular20\MediCore-Pharmacy-System\MediCore-Pharmacy-System\src\app\pages\billing\components\cart-item\cart-item.ts","9","1","0","0"
"D:\AngularMigration\Angular20\MediCore-Pharmacy-System\MediCore-Pharmacy-System\src\app\pages\orders\components\pickup-order\pickup-order.ts","9","1","0","0"
"D:\AngularMigration\Angular20\MediCore-Pharmacy-System\MediCore-Pharmacy-System\src\app\pages\orders\components\pickup-order\pickup-item\pickup-item.ts","9","1","0","0"
"D:\AngularMigration\Angular20\MediCore-Pharmacy-System\MediCore-Pharmacy-System\src\app\pages\orders\components\new-order\new-order.ts","9","1","0","0"
